control,SR_0_count,SR_1_count,total,SR_0_ratio,SR_1_ratio
D,0,78,78,0.0,1.0
I,7,72,79,0.08860759493670886,0.9113924050632911
