control,SR_0_count,SR_1_count,total,SR_0_ratio,SR_1_ratio
D,18,61,79,0.22784810126582278,0.7721518987341772
I,11,68,79,0.13924050632911392,0.8607594936708861
